Num,Date,Time,Temp,Lux
33,6/11/2013,12:00:00 fm,10.161,0
34,6/11/2013,12:30:00 fm,10.063,0
35,6/11/2013,01:00:00 fm,9.965,0
36,6/11/2013,01:30:00 fm,9.768,0
37,6/11/2013,02:00:00 fm,9.669,10.8
38,6/11/2013,02:30:00 fm,9.571,43.1
39,6/11/2013,03:00:00 fm,9.472,139.9
40,6/11/2013,03:30:00 fm,9.373,322.9
41,6/11/2013,04:00:00 fm,9.275,731.9
42,6/11/2013,04:30:00 fm,9.176,678.1
43,6/11/2013,05:00:00 fm,9.176,2927.80
44,6/11/2013,05:30:00 fm,9.176,1550.00
45,6/11/2013,06:00:00 fm,9.176,1980.60
46,6/11/2013,06:30:00 fm,9.176,3961.10
47,6/11/2013,07:00:00 fm,9.275,4305.60
48,6/11/2013,07:30:00 fm,9.275,3100.00
49,6/11/2013,08:00:00 fm,9.373,5511.10
50,6/11/2013,08:30:00 fm,9.373,3616.70
51,6/11/2013,09:00:00 fm,9.472,8266.70
52,6/11/2013,09:30:00 fm,9.669,6200.00
53,6/11/2013,10:00:00 fm,9.669,5166.70
54,6/11/2013,10:30:00 fm,9.669,4994.50
55,6/11/2013,11:00:00 fm,9.669,6544.50
56,6/11/2013,11:30:00 fm,9.866,7577.80
57,6/11/2013,12:00:00 em,9.866,4994.50
58,6/11/2013,12:30:00 em,9.768,5166.70
59,6/11/2013,01:00:00 em,10.063,14466.80
60,6/11/2013,01:30:00 em,10.259,9300.10
61,6/11/2013,02:00:00 em,10.357,10677.80
62,6/11/2013,02:30:00 em,10.161,5511.10
63,6/11/2013,03:00:00 em,10.259,5511.10
64,6/11/2013,03:30:00 em,10.455,6544.50
65,6/11/2013,04:00:00 em,10.553,8266.70
66,6/11/2013,04:30:00 em,10.455,2411.10
67,6/11/2013,05:00:00 em,10.357,4477.80
68,6/11/2013,05:30:00 em,10.455,8611.20
69,6/11/2013,06:00:00 em,10.553,4994.50
70,6/11/2013,06:30:00 em,10.357,3616.70
71,6/11/2013,07:00:00 em,10.357,7577.80
72,6/11/2013,07:30:00 em,10.357,5338.90
73,6/11/2013,08:00:00 em,10.259,1636.10
74,6/11/2013,08:30:00 em,10.063,1280.90
75,6/11/2013,09:00:00 em,9.965,570.5
76,6/11/2013,09:30:00 em,9.866,549
77,6/11/2013,10:00:00 em,9.768,484.4
78,6/11/2013,10:30:00 em,9.669,366
79,6/11/2013,11:00:00 em,9.571,64.6
80,6/11/2013,11:30:00 em,9.373,43.1
81,6/12/2013,12:00:00 fm,9.176,10.8
82,6/12/2013,12:30:00 fm,8.978,0
83,6/12/2013,01:00:00 fm,8.779,0
84,6/12/2013,01:30:00 fm,8.68,0
85,6/12/2013,02:00:00 fm,8.581,21.5
86,6/12/2013,02:30:00 fm,8.382,64.6
87,6/12/2013,03:00:00 fm,8.282,118.4
88,6/12/2013,03:30:00 fm,8.082,290.6
89,6/12/2013,04:00:00 fm,7.983,549
90,6/12/2013,04:30:00 fm,7.983,753.5
91,6/12/2013,05:00:00 fm,7.882,1184.00
92,6/12/2013,05:30:00 fm,7.983,2755.60
93,6/12/2013,06:00:00 fm,8.082,3100.00
94,6/12/2013,06:30:00 fm,7.983,1722.20
95,6/12/2013,07:00:00 fm,8.082,4305.60
96,6/12/2013,07:30:00 fm,8.282,5338.90
97,6/12/2013,08:00:00 fm,8.581,4133.40
98,6/12/2013,08:30:00 fm,8.581,5511.10
99,6/12/2013,09:00:00 fm,8.68,9300.10
100,6/12/2013,09:30:00 fm,8.978,6200.00
101,6/12/2013,10:00:00 fm,8.879,4822.30
102,6/12/2013,10:30:00 fm,9.176,3444.50
103,6/12/2013,11:00:00 fm,8.978,3961.10
104,6/12/2013,11:30:00 fm,8.978,4133.40
105,6/12/2013,12:00:00 em,10.063,6544.50
106,6/12/2013,12:30:00 em,9.965,3272.20
107,6/12/2013,01:00:00 em,9.669,5511.10
108,6/12/2013,01:30:00 em,9.669,3444.50
109,6/12/2013,02:00:00 em,9.866,4994.50
110,6/12/2013,02:30:00 em,9.965,5511.10
111,6/12/2013,03:00:00 em,10.161,8611.20
112,6/12/2013,03:30:00 em,10.259,7233.40
113,6/12/2013,04:00:00 em,10.259,8266.70
114,6/12/2013,04:30:00 em,10.455,4305.60
115,6/12/2013,05:00:00 em,10.455,6200.00
116,6/12/2013,05:30:00 em,10.455,6544.50
117,6/12/2013,06:00:00 em,10.357,3100.00
118,6/12/2013,06:30:00 em,10.357,2583.40
119,6/12/2013,07:00:00 em,10.357,4650.00
120,6/12/2013,07:30:00 em,10.259,3616.70
121,6/12/2013,08:00:00 em,10.063,2152.80
122,6/12/2013,08:30:00 em,9.965,1463.90
123,6/12/2013,09:00:00 em,9.768,1194.80
124,6/12/2013,09:30:00 em,9.669,290.6
125,6/12/2013,10:00:00 em,9.571,236.8
126,6/12/2013,10:30:00 em,9.373,183
127,6/12/2013,11:00:00 em,9.176,75.3
128,6/12/2013,11:30:00 em,8.978,32.3
129,6/13/2013,12:00:00 fm,8.779,10.8
130,6/13/2013,12:30:00 fm,8.581,0
131,6/13/2013,01:00:00 fm,8.382,0
132,6/13/2013,01:30:00 fm,8.282,10.8
133,6/13/2013,02:00:00 fm,8.082,21.5
134,6/13/2013,02:30:00 fm,7.983,64.6
135,6/13/2013,03:00:00 fm,7.882,226
136,6/13/2013,03:30:00 fm,7.782,355.2
137,6/13/2013,04:00:00 fm,7.682,731.9
138,6/13/2013,04:30:00 fm,7.682,1033.30
139,6/13/2013,05:00:00 fm,7.582,1377.80
140,6/13/2013,05:30:00 fm,7.582,1377.80
141,6/13/2013,06:00:00 fm,7.582,2066.70
142,6/13/2013,06:30:00 fm,7.582,3444.50
143,6/13/2013,07:00:00 fm,7.682,2497.20
144,6/13/2013,07:30:00 fm,7.782,3788.90
145,6/13/2013,08:00:00 fm,7.882,4133.40
146,6/13/2013,08:30:00 fm,8.082,4822.30
147,6/13/2013,09:00:00 fm,8.382,7577.80
148,6/13/2013,09:30:00 fm,8.68,7577.80
149,6/13/2013,10:00:00 fm,8.779,6544.50
150,6/13/2013,10:30:00 fm,8.879,6544.50
151,6/13/2013,11:00:00 fm,8.978,7233.40
152,6/13/2013,11:30:00 fm,9.176,3444.50
153,6/13/2013,12:00:00 em,9.275,4477.80
154,6/13/2013,12:30:00 em,9.373,9644.50
155,6/13/2013,01:00:00 em,9.669,7577.80
156,6/13/2013,01:30:00 em,9.768,7577.80
157,6/13/2013,02:00:00 em,9.866,7577.80
158,6/13/2013,02:30:00 em,9.965,3100.00
159,6/13/2013,03:00:00 em,9.866,3616.70
160,6/13/2013,03:30:00 em,9.866,5166.70
161,6/13/2013,04:00:00 em,9.866,2755.60
162,6/13/2013,04:30:00 em,9.768,818.1
163,6/13/2013,05:00:00 em,9.669,1463.90
164,6/13/2013,05:30:00 em,9.669,1345.50
165,6/13/2013,06:00:00 em,9.669,1259.40
166,6/13/2013,06:30:00 em,9.669,688.9
167,6/13/2013,07:00:00 em,9.571,1550.00
168,6/13/2013,07:30:00 em,9.571,495.1
169,6/13/2013,08:00:00 em,9.571,731.9
170,6/13/2013,08:30:00 em,9.571,161.5
171,6/13/2013,09:00:00 em,9.472,279.9
172,6/13/2013,09:30:00 em,9.472,161.5
173,6/13/2013,10:00:00 em,9.373,75.3
174,6/13/2013,10:30:00 em,9.373,64.6
175,6/13/2013,11:00:00 em,9.275,0
176,6/13/2013,11:30:00 em,9.176,0
177,6/14/2013,12:00:00 fm,9.176,0
178,6/14/2013,12:30:00 fm,9.077,0
179,6/14/2013,01:00:00 fm,9.077,0
180,6/14/2013,01:30:00 fm,8.978,0
181,6/14/2013,02:00:00 fm,8.879,0
182,6/14/2013,02:30:00 fm,8.879,0
183,6/14/2013,03:00:00 fm,8.779,32.3
184,6/14/2013,03:30:00 fm,8.779,150.7
185,6/14/2013,04:00:00 fm,8.68,258.3
186,6/14/2013,04:30:00 fm,8.68,990.3
187,6/14/2013,05:00:00 fm,8.581,581.3
188,6/14/2013,05:30:00 fm,8.581,699.7
189,6/14/2013,06:00:00 fm,8.581,764.2
190,6/14/2013,06:30:00 fm,8.581,1216.30
191,6/14/2013,07:00:00 fm,8.581,1248.60
192,6/14/2013,07:30:00 fm,8.581,1227.10
193,6/14/2013,08:00:00 fm,8.581,775
194,6/14/2013,08:30:00 fm,8.581,1894.50
195,6/14/2013,09:00:00 fm,8.581,1722.20
196,6/14/2013,09:30:00 fm,8.581,2755.60
197,6/14/2013,10:00:00 fm,8.779,3788.90
198,6/14/2013,10:30:00 fm,8.779,4822.30
199,6/14/2013,11:00:00 fm,8.879,3100.00
200,6/14/2013,11:30:00 fm,8.978,3100.00
201,6/14/2013,12:00:00 em,8.978,2583.40
202,6/14/2013,12:30:00 em,9.077,2411.10
203,6/14/2013,01:00:00 em,9.077,4994.50
204,6/14/2013,01:30:00 em,9.176,4994.50
205,6/14/2013,02:00:00 em,9.373,5511.10
206,6/14/2013,02:30:00 em,9.571,8266.70
207,6/14/2013,03:00:00 em,9.669,4133.40
208,6/14/2013,03:30:00 em,9.571,1980.60
209,6/14/2013,04:00:00 em,9.571,3100.00
210,6/14/2013,04:30:00 em,9.571,2238.90
211,6/14/2013,05:00:00 em,9.571,1550.00
212,6/14/2013,05:30:00 em,9.472,236.8
213,6/14/2013,06:00:00 em,9.373,527.4
214,6/14/2013,06:30:00 em,9.373,1550.00
215,6/14/2013,07:00:00 em,9.472,3616.70
216,6/14/2013,07:30:00 em,9.472,1463.90
217,6/14/2013,08:00:00 em,9.373,1722.20
218,6/14/2013,08:30:00 em,9.373,624.3
219,6/14/2013,09:00:00 em,9.275,376.7
220,6/14/2013,09:30:00 em,9.176,236.8
221,6/14/2013,10:00:00 em,9.077,86.1
222,6/14/2013,10:30:00 em,9.077,64.6
223,6/14/2013,11:00:00 em,8.978,21.5
224,6/14/2013,11:30:00 em,8.879,0
225,6/15/2013,12:00:00 fm,8.779,0
226,6/15/2013,12:30:00 fm,8.68,0
227,6/15/2013,01:00:00 fm,8.581,0
228,6/15/2013,01:30:00 fm,8.581,0
229,6/15/2013,02:00:00 fm,8.481,0
230,6/15/2013,02:30:00 fm,8.481,0
231,6/15/2013,03:00:00 fm,8.382,64.6
232,6/15/2013,03:30:00 fm,8.382,139.9
233,6/15/2013,04:00:00 fm,8.282,290.6
234,6/15/2013,04:30:00 fm,8.282,807.3
235,6/15/2013,05:00:00 fm,8.282,1076.40
236,6/15/2013,05:30:00 fm,8.282,1216.30
237,6/15/2013,06:00:00 fm,8.282,1237.90
238,6/15/2013,06:30:00 fm,8.282,882.6
239,6/15/2013,07:00:00 fm,8.382,2152.80
240,6/15/2013,07:30:00 fm,8.382,2325.00
241,6/15/2013,08:00:00 fm,8.481,3444.50
242,6/15/2013,08:30:00 fm,8.581,3616.70
243,6/15/2013,09:00:00 fm,8.68,4650.00
244,6/15/2013,09:30:00 fm,8.779,5338.90
245,6/15/2013,10:00:00 fm,8.879,5166.70
246,6/15/2013,10:30:00 fm,8.978,4650.00
247,6/15/2013,11:00:00 fm,9.176,4133.40
248,6/15/2013,11:30:00 fm,9.275,3788.90
249,6/15/2013,12:00:00 em,9.472,6544.50
250,6/15/2013,12:30:00 em,9.669,5511.10
251,6/15/2013,01:00:00 em,9.669,8266.70
252,6/15/2013,01:30:00 em,9.965,6544.50
253,6/15/2013,02:00:00 em,10.063,6544.50
254,6/15/2013,02:30:00 em,10.259,5338.90
255,6/15/2013,03:00:00 em,10.259,3444.50
256,6/15/2013,03:30:00 em,10.357,8266.70
257,6/15/2013,04:00:00 em,10.259,4305.60
258,6/15/2013,04:30:00 em,10.259,2066.70
259,6/15/2013,05:00:00 em,10.161,1377.80
260,6/15/2013,05:30:00 em,10.161,1894.50
261,6/15/2013,06:00:00 em,10.161,5338.90
262,6/15/2013,06:30:00 em,10.161,6200.00
263,6/15/2013,07:00:00 em,10.063,10677.80
264,6/15/2013,07:30:00 em,9.965,850.4
265,6/15/2013,08:00:00 em,9.866,1722.20
266,6/15/2013,08:30:00 em,9.669,1377.80
267,6/15/2013,09:00:00 em,9.571,1097.90
268,6/15/2013,09:30:00 em,9.472,850.4
269,6/15/2013,10:00:00 em,9.373,441.3
270,6/15/2013,10:30:00 em,9.176,86.1
271,6/15/2013,11:00:00 em,8.978,43.1
272,6/15/2013,11:30:00 em,8.779,21.5
273,6/16/2013,12:00:00 fm,8.581,0
274,6/16/2013,12:30:00 fm,8.481,0
275,6/16/2013,01:00:00 fm,8.382,0
276,6/16/2013,01:30:00 fm,8.282,0
277,6/16/2013,02:00:00 fm,8.082,21.5
278,6/16/2013,02:30:00 fm,7.882,53.8
279,6/16/2013,03:00:00 fm,7.682,118.4
280,6/16/2013,03:30:00 fm,7.582,322.9
281,6/16/2013,04:00:00 fm,7.481,785.8
282,6/16/2013,04:30:00 fm,7.481,861.1
283,6/16/2013,05:00:00 fm,7.481,1377.80
284,6/16/2013,05:30:00 fm,7.582,2066.70
285,6/16/2013,06:00:00 fm,7.682,1808.30
286,6/16/2013,06:30:00 fm,7.782,3272.20
287,6/16/2013,07:00:00 fm,7.882,3788.90
288,6/16/2013,07:30:00 fm,8.082,3100.00
289,6/16/2013,08:00:00 fm,8.182,2927.80
290,6/16/2013,08:30:00 fm,8.382,3100.00
291,6/16/2013,09:00:00 fm,8.68,10333.40
292,6/16/2013,09:30:00 fm,8.779,5511.10
293,6/16/2013,10:00:00 fm,8.879,3961.10
294,6/16/2013,10:30:00 fm,9.077,2497.20
295,6/16/2013,11:00:00 fm,9.275,4477.80
296,6/16/2013,11:30:00 fm,9.373,4477.80
297,6/16/2013,12:00:00 em,9.373,3616.70
298,6/16/2013,12:30:00 em,9.472,8266.70
299,6/16/2013,01:00:00 em,9.571,2583.40
300,6/16/2013,01:30:00 em,9.669,4477.80
301,6/16/2013,02:00:00 em,9.866,6200.00
302,6/16/2013,02:30:00 em,10.063,6544.50
303,6/16/2013,03:00:00 em,9.965,3444.50
304,6/16/2013,03:30:00 em,10.063,4305.60
305,6/16/2013,04:00:00 em,10.063,5166.70
306,6/16/2013,04:30:00 em,10.063,4133.40
307,6/16/2013,05:00:00 em,9.965,2497.20
308,6/16/2013,05:30:00 em,9.965,2325.00
309,6/16/2013,06:00:00 em,9.965,3272.20
310,6/16/2013,06:30:00 em,9.866,1980.60
311,6/16/2013,07:00:00 em,9.768,1980.60
312,6/16/2013,07:30:00 em,9.768,1636.10
313,6/16/2013,08:00:00 em,9.669,1463.90
314,6/16/2013,08:30:00 em,9.571,1119.50
315,6/16/2013,09:00:00 em,9.472,936.5
316,6/16/2013,09:30:00 em,9.373,549
317,6/16/2013,10:00:00 em,9.275,279.9
318,6/16/2013,10:30:00 em,9.176,139.9
319,6/16/2013,11:00:00 em,9.077,53.8
320,6/16/2013,11:30:00 em,8.978,10.8
321,6/17/2013,12:00:00 fm,8.879,0
322,6/17/2013,12:30:00 fm,8.68,0
323,6/17/2013,01:00:00 fm,8.68,0
324,6/17/2013,01:30:00 fm,8.581,0
325,6/17/2013,02:00:00 fm,8.481,10.8
326,6/17/2013,02:30:00 fm,8.382,32.3
327,6/17/2013,03:00:00 fm,8.282,107.6
328,6/17/2013,03:30:00 fm,8.282,279.9
329,6/17/2013,04:00:00 fm,8.182,484.4
330,6/17/2013,04:30:00 fm,8.182,1011.80
331,6/17/2013,05:00:00 fm,8.182,1184.00
332,6/17/2013,05:30:00 fm,8.282,1808.30
333,6/17/2013,06:00:00 fm,8.282,1636.10
334,6/17/2013,06:30:00 fm,8.282,1280.90
335,6/17/2013,07:00:00 fm,8.382,1894.50
336,6/17/2013,07:30:00 fm,8.481,3444.50
337,6/17/2013,08:00:00 fm,8.481,2927.80
338,6/17/2013,08:30:00 fm,8.68,4305.60
339,6/17/2013,09:00:00 fm,8.879,4477.80
340,6/17/2013,09:30:00 fm,8.978,4477.80
341,6/17/2013,10:00:00 fm,9.176,4994.50
342,6/17/2013,10:30:00 fm,9.472,9644.50
343,6/17/2013,11:00:00 fm,10.259,49600.30
344,6/17/2013,11:30:00 fm,10.063,1463.90
345,6/17/2013,12:00:00 em,10.455,7577.80
346,6/17/2013,12:30:00 em,10.944,10333.40
347,6/17/2013,01:00:00 em,11.139,6200.00
348,6/17/2013,01:30:00 em,11.041,10677.80
349,6/17/2013,02:00:00 em,11.236,7233.40
350,6/17/2013,02:30:00 em,11.334,6544.50
351,6/17/2013,03:00:00 em,11.334,11711.20
352,6/17/2013,03:30:00 em,11.334,5166.70
353,6/17/2013,04:00:00 em,11.334,4994.50
354,6/17/2013,04:30:00 em,11.334,1980.60
355,6/17/2013,05:00:00 em,11.236,5166.70
356,6/17/2013,05:30:00 em,11.139,5511.10
357,6/17/2013,06:00:00 em,11.041,4994.50
358,6/17/2013,06:30:00 em,10.944,3961.10
359,6/17/2013,07:00:00 em,10.944,4477.80
360,6/17/2013,07:30:00 em,10.651,2411.10
361,6/17/2013,08:00:00 em,10.455,2152.80
362,6/17/2013,08:30:00 em,10.259,667.4
363,6/17/2013,09:00:00 em,10.063,1033.30
364,6/17/2013,09:30:00 em,9.866,688.9
365,6/17/2013,10:00:00 em,9.768,301.4
366,6/17/2013,10:30:00 em,9.571,226
367,6/17/2013,11:00:00 em,9.373,86.1
368,6/17/2013,11:30:00 em,9.176,43.1
369,6/18/2013,12:00:00 fm,8.978,21.5
370,6/18/2013,12:30:00 fm,8.879,10.8
371,6/18/2013,01:00:00 fm,8.68,10.8
372,6/18/2013,01:30:00 fm,8.581,10.8
373,6/18/2013,02:00:00 fm,8.382,32.3
374,6/18/2013,02:30:00 fm,8.182,64.6
375,6/18/2013,03:00:00 fm,7.983,204.5
376,6/18/2013,03:30:00 fm,7.882,215.3
377,6/18/2013,04:00:00 fm,7.782,602.8
378,6/18/2013,04:30:00 fm,7.682,570.5
379,6/18/2013,05:00:00 fm,7.582,1076.40
380,6/18/2013,05:30:00 fm,7.582,1313.20
381,6/18/2013,06:00:00 fm,7.582,1636.10
382,6/18/2013,06:30:00 fm,7.582,1894.50
383,6/18/2013,07:00:00 fm,7.582,2238.90
384,6/18/2013,07:30:00 fm,7.682,2669.50
385,6/18/2013,08:00:00 fm,7.682,3272.20
386,6/18/2013,08:30:00 fm,7.782,3616.70
387,6/18/2013,09:00:00 fm,8.082,6200.00
388,6/18/2013,09:30:00 fm,8.282,7233.40
389,6/18/2013,10:00:00 fm,8.382,6544.50
390,6/18/2013,10:30:00 fm,8.68,5511.10
391,6/18/2013,11:00:00 fm,10.161,55111.50
392,6/18/2013,11:30:00 fm,9.373,6200.00
393,6/18/2013,12:00:00 em,9.571,4994.50
394,6/18/2013,12:30:00 em,9.768,5511.10
395,6/18/2013,01:00:00 em,10.063,7577.80
396,6/18/2013,01:30:00 em,10.063,6544.50
397,6/18/2013,02:00:00 em,10.259,14466.80
398,6/18/2013,02:30:00 em,10.455,12400.10
399,6/18/2013,03:00:00 em,10.553,11711.20
400,6/18/2013,03:30:00 em,10.455,6200.00
401,6/18/2013,04:00:00 em,10.455,3616.70
402,6/18/2013,04:30:00 em,10.455,8611.20
403,6/18/2013,05:00:00 em,10.651,3100.00
404,6/18/2013,05:30:00 em,10.651,7233.40
405,6/18/2013,06:00:00 em,10.553,4822.30
406,6/18/2013,06:30:00 em,10.455,3100.00
407,6/18/2013,07:00:00 em,10.357,4650.00
408,6/18/2013,07:30:00 em,10.259,4133.40
409,6/18/2013,08:00:00 em,10.161,882.6
410,6/18/2013,08:30:00 em,10.063,1636.10
411,6/18/2013,09:00:00 em,9.965,1334.70
412,6/18/2013,09:30:00 em,9.866,850.4
413,6/18/2013,10:00:00 em,9.669,516.7
414,6/18/2013,10:30:00 em,9.472,236.8
415,6/18/2013,11:00:00 em,9.373,86.1
416,6/18/2013,11:30:00 em,9.176,43.1
417,6/19/2013,12:00:00 fm,8.978,21.5
418,6/19/2013,12:30:00 fm,8.779,0
419,6/19/2013,01:00:00 fm,8.581,0
420,6/19/2013,01:30:00 fm,8.382,10.8
421,6/19/2013,02:00:00 fm,8.082,32.3
422,6/19/2013,02:30:00 fm,7.882,64.6
423,6/19/2013,03:00:00 fm,7.682,215.3
424,6/19/2013,03:30:00 fm,7.582,387.5
425,6/19/2013,04:00:00 fm,7.481,613.5
426,6/19/2013,04:30:00 fm,7.481,1550.00
427,6/19/2013,05:00:00 fm,7.481,1808.30
428,6/19/2013,05:30:00 fm,7.582,1550.00
429,6/19/2013,06:00:00 fm,7.682,2497.20
430,6/19/2013,06:30:00 fm,7.782,2927.80
431,6/19/2013,07:00:00 fm,7.782,2497.20
432,6/19/2013,07:30:00 fm,7.882,2927.80
433,6/19/2013,08:00:00 fm,7.983,4133.40
434,6/19/2013,08:30:00 fm,8.082,4477.80
435,6/19/2013,09:00:00 fm,8.282,3788.90
436,6/19/2013,09:30:00 fm,8.282,3616.70
437,6/19/2013,10:00:00 fm,8.481,7233.40
438,6/19/2013,10:30:00 fm,8.779,5338.90
439,6/19/2013,11:00:00 fm,9.472,10333.40
440,6/19/2013,11:30:00 fm,9.571,6544.50
441,6/19/2013,12:00:00 em,9.669,6200.00
442,6/19/2013,12:30:00 em,9.866,8611.20
443,6/19/2013,01:00:00 em,10.063,8266.70
444,6/19/2013,01:30:00 em,10.161,6200.00
445,6/19/2013,02:00:00 em,10.553,8266.70
446,6/19/2013,02:30:00 em,10.357,4822.30
447,6/19/2013,03:00:00 em,10.259,2927.80
448,6/19/2013,03:30:00 em,10.259,1894.50
449,6/19/2013,04:00:00 em,10.259,3616.70
450,6/19/2013,04:30:00 em,10.357,2927.80
451,6/19/2013,05:00:00 em,10.455,7233.40
452,6/19/2013,05:30:00 em,10.651,5166.70
453,6/19/2013,06:00:00 em,10.748,5511.10
454,6/19/2013,06:30:00 em,10.748,5338.90
455,6/19/2013,07:00:00 em,10.651,3100.00
456,6/19/2013,07:30:00 em,10.651,2755.60
457,6/19/2013,08:00:00 em,10.553,1216.30
458,6/19/2013,08:30:00 em,10.553,925.7
459,6/19/2013,09:00:00 em,10.455,635.1
460,6/19/2013,09:30:00 em,10.357,193.8
461,6/19/2013,10:00:00 em,10.259,333.7
462,6/19/2013,10:30:00 em,10.161,172.2
463,6/19/2013,11:00:00 em,9.965,32.3
464,6/19/2013,11:30:00 em,9.965,10.8
465,6/20/2013,12:00:00 fm,9.866,0
466,6/20/2013,12:30:00 fm,9.669,0
467,6/20/2013,01:00:00 fm,9.571,0
468,6/20/2013,01:30:00 fm,9.472,0
469,6/20/2013,02:00:00 fm,9.373,0
470,6/20/2013,02:30:00 fm,9.373,0
471,6/20/2013,03:00:00 fm,9.275,43.1
472,6/20/2013,03:30:00 fm,9.176,64.6
473,6/20/2013,04:00:00 fm,9.176,172.2
474,6/20/2013,04:30:00 fm,9.077,150.7
475,6/20/2013,05:00:00 fm,9.077,387.5
476,6/20/2013,05:30:00 fm,8.978,656.6
477,6/20/2013,06:00:00 fm,8.978,699.7
478,6/20/2013,06:30:00 fm,8.879,861.1
479,6/20/2013,07:00:00 fm,8.879,409
480,6/20/2013,07:30:00 fm,8.879,1291.70
481,6/20/2013,08:00:00 fm,8.879,871.9
482,6/20/2013,08:30:00 fm,8.779,947.2
483,6/20/2013,09:00:00 fm,8.879,1345.50
484,6/20/2013,09:30:00 fm,8.879,1636.10
485,6/20/2013,10:00:00 fm,8.978,2238.90
486,6/20/2013,10:30:00 fm,9.077,2755.60
487,6/20/2013,11:00:00 fm,9.077,2152.80
488,6/20/2013,11:30:00 fm,9.077,2755.60
489,6/20/2013,12:00:00 em,9.176,3444.50
490,6/20/2013,12:30:00 em,9.275,3444.50
491,6/20/2013,01:00:00 em,9.275,4477.80
492,6/20/2013,01:30:00 em,9.373,4994.50
493,6/20/2013,02:00:00 em,9.571,11022.30
494,6/20/2013,02:30:00 em,9.669,3788.90
495,6/20/2013,03:00:00 em,9.866,7577.80
496,6/20/2013,03:30:00 em,9.965,6544.50
497,6/20/2013,04:00:00 em,9.965,6544.50
498,6/20/2013,04:30:00 em,10.357,4822.30
499,6/20/2013,05:00:00 em,10.455,4822.30
500,6/20/2013,05:30:00 em,10.455,5511.10
501,6/20/2013,06:00:00 em,10.553,4305.60
502,6/20/2013,06:30:00 em,10.651,6544.50
503,6/20/2013,07:00:00 em,10.651,7577.80
504,6/20/2013,07:30:00 em,10.553,1054.90
505,6/20/2013,08:00:00 em,10.455,871.9
506,6/20/2013,08:30:00 em,10.357,1377.80
507,6/20/2013,09:00:00 em,10.259,1033.30
508,6/20/2013,09:30:00 em,10.161,753.5
509,6/20/2013,10:00:00 em,10.063,441.3
510,6/20/2013,10:30:00 em,9.866,204.5
511,6/20/2013,11:00:00 em,9.669,64.6
512,6/20/2013,11:30:00 em,9.472,32.3
513,6/21/2013,12:00:00 fm,9.373,10.8
514,6/21/2013,12:30:00 fm,9.176,0
515,6/21/2013,01:00:00 fm,8.978,0
516,6/21/2013,01:30:00 fm,8.779,10.8
517,6/21/2013,02:00:00 fm,8.581,21.5
518,6/21/2013,02:30:00 fm,8.382,53.8
519,6/21/2013,03:00:00 fm,8.182,172.2
520,6/21/2013,03:30:00 fm,8.082,226
521,6/21/2013,04:00:00 fm,7.983,236.8
522,6/21/2013,04:30:00 fm,7.782,828.8
523,6/21/2013,05:00:00 fm,7.782,1001.00
524,6/21/2013,05:30:00 fm,7.782,1237.90
525,6/21/2013,06:00:00 fm,7.782,1463.90
526,6/21/2013,06:30:00 fm,7.882,2755.60
527,6/21/2013,07:00:00 fm,8.082,3100.00
528,6/21/2013,07:30:00 fm,8.282,4305.60
529,6/21/2013,08:00:00 fm,8.481,4477.80
530,6/21/2013,08:30:00 fm,8.68,5338.90
531,6/21/2013,09:00:00 fm,8.779,5338.90
532,6/21/2013,09:30:00 fm,8.879,3272.20
533,6/21/2013,10:00:00 fm,8.978,4305.60
534,6/21/2013,10:30:00 fm,8.978,3616.70
535,6/21/2013,11:00:00 fm,9.176,3616.70
536,6/21/2013,11:30:00 fm,9.373,9644.50
537,6/21/2013,12:00:00 em,9.669,6200.00
538,6/21/2013,12:30:00 em,10.259,8611.20
539,6/21/2013,01:00:00 em,10.357,8611.20
540,6/21/2013,01:30:00 em,10.651,6544.50
541,6/21/2013,02:00:00 em,10.553,2411.10
542,6/21/2013,02:30:00 em,10.651,5166.70
543,6/21/2013,03:00:00 em,10.944,5338.90
544,6/21/2013,03:30:00 em,11.139,4477.80
545,6/21/2013,04:00:00 em,11.139,5166.70
546,6/21/2013,04:30:00 em,11.139,2497.20
547,6/21/2013,05:00:00 em,11.334,5338.90
548,6/21/2013,05:30:00 em,11.334,4650.00
549,6/21/2013,06:00:00 em,11.334,4994.50
550,6/21/2013,06:30:00 em,11.334,4650.00
551,6/21/2013,07:00:00 em,11.334,3100.00
552,6/21/2013,07:30:00 em,11.139,1550.00
553,6/21/2013,08:00:00 em,11.139,1636.10
554,6/21/2013,08:30:00 em,11.041,1636.10
555,6/21/2013,09:00:00 em,10.944,936.5
556,6/21/2013,09:30:00 em,10.748,828.8
557,6/21/2013,10:00:00 em,10.651,473.6
558,6/21/2013,10:30:00 em,10.455,150.7
559,6/21/2013,11:00:00 em,10.259,43.1
560,6/21/2013,11:30:00 em,10.161,10.8
561,6/22/2013,12:00:00 fm,10.063,0
562,6/22/2013,12:30:00 fm,9.965,0
563,6/22/2013,01:00:00 fm,9.866,0
564,6/22/2013,01:30:00 fm,9.866,0
565,6/22/2013,02:00:00 fm,9.768,0
566,6/22/2013,02:30:00 fm,9.669,10.8
567,6/22/2013,03:00:00 fm,9.669,10.8
568,6/22/2013,03:30:00 fm,9.571,53.8
569,6/22/2013,04:00:00 fm,9.571,43.1
570,6/22/2013,04:30:00 fm,9.472,226
571,6/22/2013,05:00:00 fm,9.472,376.7
572,6/22/2013,05:30:00 fm,9.472,581.3
573,6/22/2013,06:00:00 fm,9.472,893.4
574,6/22/2013,06:30:00 fm,9.472,462.9
575,6/22/2013,07:00:00 fm,9.472,495.1
576,6/22/2013,07:30:00 fm,9.472,419.8
577,6/22/2013,08:00:00 fm,9.472,839.6
578,6/22/2013,08:30:00 fm,9.571,893.4
579,6/22/2013,09:00:00 fm,9.571,2066.70
580,6/22/2013,09:30:00 fm,9.669,1550.00
581,6/22/2013,10:00:00 fm,9.768,1130.20
582,6/22/2013,10:30:00 fm,9.866,1722.20
583,6/22/2013,11:00:00 fm,9.965,1162.50
584,6/22/2013,11:30:00 fm,9.965,1550.00
585,6/22/2013,12:00:00 em,10.161,2238.90
586,6/22/2013,12:30:00 em,10.259,1808.30
587,6/22/2013,01:00:00 em,10.357,2066.70
588,6/22/2013,01:30:00 em,10.455,3788.90
589,6/22/2013,02:00:00 em,10.455,1377.80
590,6/22/2013,02:30:00 em,10.553,4994.50
591,6/22/2013,03:00:00 em,10.651,2238.90
592,6/22/2013,03:30:00 em,10.651,2238.90
593,6/22/2013,04:00:00 em,10.651,2152.80
594,6/22/2013,04:30:00 em,10.748,914.9
595,6/22/2013,05:00:00 em,10.748,1550.00
596,6/22/2013,05:30:00 em,10.748,1550.00
597,6/22/2013,06:00:00 em,10.846,2238.90
598,6/22/2013,06:30:00 em,10.846,1980.60
599,6/22/2013,07:00:00 em,10.846,2583.40
600,6/22/2013,07:30:00 em,10.944,1636.10
601,6/22/2013,08:00:00 em,10.944,3100.00
602,6/22/2013,08:30:00 em,10.944,1636.10
603,6/22/2013,09:00:00 em,10.846,430.6
604,6/22/2013,09:30:00 em,10.748,505.9
605,6/22/2013,10:00:00 em,10.748,129.2
606,6/22/2013,10:30:00 em,10.748,96.9
607,6/22/2013,11:00:00 em,10.651,43.1
608,6/22/2013,11:30:00 em,10.553,10.8
609,6/23/2013,12:00:00 fm,10.553,0
610,6/23/2013,12:30:00 fm,10.553,0
611,6/23/2013,01:00:00 fm,10.455,0
612,6/23/2013,01:30:00 fm,10.455,0
613,6/23/2013,02:00:00 fm,10.455,0
614,6/23/2013,02:30:00 fm,10.357,0
615,6/23/2013,03:00:00 fm,10.357,10.8
616,6/23/2013,03:30:00 fm,10.357,43.1
617,6/23/2013,04:00:00 fm,10.259,172.2
618,6/23/2013,04:30:00 fm,10.259,376.7
619,6/23/2013,05:00:00 fm,10.259,635.1
620,6/23/2013,05:30:00 fm,10.259,1194.80
621,6/23/2013,06:00:00 fm,10.357,2066.70
622,6/23/2013,06:30:00 fm,10.357,1550.00
623,6/23/2013,07:00:00 fm,10.357,2583.40
624,6/23/2013,07:30:00 fm,10.455,2066.70
625,6/23/2013,08:00:00 fm,10.455,1722.20
626,6/23/2013,08:30:00 fm,10.455,2927.80
627,6/23/2013,09:00:00 fm,10.553,4133.40
628,6/23/2013,09:30:00 fm,10.846,6200.00
629,6/23/2013,10:00:00 fm,10.846,4477.80
630,6/23/2013,10:30:00 fm,11.139,6200.00
631,6/23/2013,11:00:00 fm,11.722,7233.40
632,6/23/2013,11:30:00 fm,12.013,7233.40
633,6/23/2013,12:00:00 em,12.304,11022.30
634,6/23/2013,12:30:00 em,12.401,10677.80
635,6/23/2013,01:00:00 em,12.787,9644.50
636,6/23/2013,01:30:00 em,12.787,4822.30
637,6/23/2013,02:00:00 em,12.883,4305.60
638,6/23/2013,02:30:00 em,13.173,7577.80
639,6/23/2013,03:00:00 em,13.173,6200.00
640,6/23/2013,03:30:00 em,13.269,7577.80
641,6/23/2013,04:00:00 em,13.269,8611.20
642,6/23/2013,04:30:00 em,13.365,4994.50
643,6/23/2013,05:00:00 em,13.365,5166.70
644,6/23/2013,05:30:00 em,13.365,4305.60
645,6/23/2013,06:00:00 em,13.269,1227.10
646,6/23/2013,06:30:00 em,13.269,3444.50
647,6/23/2013,07:00:00 em,13.461,5166.70
648,6/23/2013,07:30:00 em,13.269,3444.50
649,6/23/2013,08:00:00 em,13.269,1636.10
650,6/23/2013,08:30:00 em,13.173,2238.90
651,6/23/2013,09:00:00 em,13.076,1894.50
652,6/23/2013,09:30:00 em,12.883,979.5
653,6/23/2013,10:00:00 em,12.69,656.6
654,6/23/2013,10:30:00 em,12.594,279.9
655,6/23/2013,11:00:00 em,12.401,96.9
656,6/23/2013,11:30:00 em,12.304,64.6
657,6/24/2013,12:00:00 fm,12.207,10.8
658,6/24/2013,12:30:00 fm,12.11,0
659,6/24/2013,01:00:00 fm,12.013,0
660,6/24/2013,01:30:00 fm,11.916,21.5
661,6/24/2013,02:00:00 fm,11.722,32.3
662,6/24/2013,02:30:00 fm,11.722,43.1
663,6/24/2013,03:00:00 fm,11.625,150.7
664,6/24/2013,03:30:00 fm,11.528,398.3
665,6/24/2013,04:00:00 fm,11.431,559.7
666,6/24/2013,04:30:00 fm,11.431,818.1
667,6/24/2013,05:00:00 fm,11.334,1011.80
668,6/24/2013,05:30:00 fm,11.334,1636.10
669,6/24/2013,06:00:00 fm,11.334,1722.20
670,6/24/2013,06:30:00 fm,11.334,1463.90
671,6/24/2013,07:00:00 fm,11.334,4305.60
672,6/24/2013,07:30:00 fm,11.625,4305.60
673,6/24/2013,08:00:00 fm,11.528,2325.00
674,6/24/2013,08:30:00 fm,11.528,2583.40
675,6/24/2013,09:00:00 fm,11.722,5511.10
676,6/24/2013,09:30:00 fm,11.819,4994.50
677,6/24/2013,10:00:00 fm,11.819,2755.60
678,6/24/2013,10:30:00 fm,11.819,5166.70
679,6/24/2013,11:00:00 fm,12.11,9300.10
680,6/24/2013,11:30:00 fm,12.207,5166.70
681,6/24/2013,12:00:00 em,12.401,6200.00
682,6/24/2013,12:30:00 em,12.594,9644.50
683,6/24/2013,01:00:00 em,12.883,5511.10
684,6/24/2013,01:30:00 em,13.076,14466.80
685,6/24/2013,02:00:00 em,13.173,6200.00
686,6/24/2013,02:30:00 em,13.269,10333.40
687,6/24/2013,03:00:00 em,13.461,11022.30
688,6/24/2013,03:30:00 em,13.461,2583.40
689,6/24/2013,04:00:00 em,13.269,3961.10
690,6/24/2013,04:30:00 em,13.269,4994.50
691,6/24/2013,05:00:00 em,13.365,5338.90
692,6/24/2013,05:30:00 em,13.365,3272.20
693,6/24/2013,06:00:00 em,13.269,1151.70
694,6/24/2013,06:30:00 em,13.269,7233.40
695,6/24/2013,07:00:00 em,13.365,3961.10
696,6/24/2013,07:30:00 em,13.269,1162.50
697,6/24/2013,08:00:00 em,13.076,1237.90
698,6/24/2013,08:30:00 em,12.98,1463.90
699,6/24/2013,09:00:00 em,12.883,914.9
700,6/24/2013,09:30:00 em,12.787,882.6
701,6/24/2013,10:00:00 em,12.69,538.2
702,6/24/2013,10:30:00 em,12.594,204.5
703,6/24/2013,11:00:00 em,12.401,53.8
704,6/24/2013,11:30:00 em,12.304,21.5
705,6/25/2013,12:00:00 fm,12.11,10.8
706,6/25/2013,12:30:00 fm,12.013,0
707,6/25/2013,01:00:00 fm,11.819,0
708,6/25/2013,01:30:00 fm,11.722,0
709,6/25/2013,02:00:00 fm,11.625,21.5
710,6/25/2013,02:30:00 fm,11.528,64.6
711,6/25/2013,03:00:00 fm,11.334,139.9
712,6/25/2013,03:30:00 fm,11.236,366
713,6/25/2013,04:00:00 fm,11.041,559.7
714,6/25/2013,04:30:00 fm,11.041,861.1
715,6/25/2013,05:00:00 fm,10.944,1033.30
716,6/25/2013,05:30:00 fm,10.944,1280.90
717,6/25/2013,06:00:00 fm,10.944,1550.00
718,6/25/2013,06:30:00 fm,10.944,1894.50
719,6/25/2013,07:00:00 fm,11.041,2238.90
720,6/25/2013,07:30:00 fm,11.139,2755.60
721,6/25/2013,08:00:00 fm,11.236,3272.20
722,6/25/2013,08:30:00 fm,11.431,5511.10
723,6/25/2013,09:00:00 fm,11.528,5166.70
724,6/25/2013,09:30:00 fm,11.722,8266.70
725,6/25/2013,10:00:00 fm,11.916,5338.90
726,6/25/2013,10:30:00 fm,12.11,2669.50
727,6/25/2013,11:00:00 fm,13.461,66133.80
728,6/25/2013,11:30:00 fm,13.173,6544.50
729,6/25/2013,12:00:00 em,12.787,5511.10
730,6/25/2013,12:30:00 em,13.076,8611.20
731,6/25/2013,01:00:00 em,13.558,4305.60
732,6/25/2013,01:30:00 em,13.365,8266.70
733,6/25/2013,02:00:00 em,13.558,3961.10
734,6/25/2013,02:30:00 em,13.558,3788.90
735,6/25/2013,03:00:00 em,13.461,3961.10
736,6/25/2013,03:30:00 em,13.461,2927.80
737,6/25/2013,04:00:00 em,13.558,7233.40
738,6/25/2013,04:30:00 em,13.558,5511.10
739,6/25/2013,05:00:00 em,13.654,4994.50
740,6/25/2013,05:30:00 em,13.558,1302.40
741,6/25/2013,06:00:00 em,13.461,3616.70
742,6/25/2013,06:30:00 em,13.558,7577.80
743,6/25/2013,07:00:00 em,13.654,7233.40
744,6/25/2013,07:30:00 em,13.461,2927.80
745,6/25/2013,08:00:00 em,13.269,2066.70
746,6/25/2013,08:30:00 em,13.173,1550.00
747,6/25/2013,09:00:00 em,13.076,1184.00
748,6/25/2013,09:30:00 em,12.98,839.6
749,6/25/2013,10:00:00 em,12.883,721.2
750,6/25/2013,10:30:00 em,12.69,312.2
751,6/25/2013,11:00:00 em,12.497,161.5
752,6/25/2013,11:30:00 em,12.401,53.8
753,6/26/2013,12:00:00 fm,12.207,32.3
754,6/26/2013,12:30:00 fm,12.013,10.8
755,6/26/2013,01:00:00 fm,11.819,10.8
756,6/26/2013,01:30:00 fm,11.625,21.5
757,6/26/2013,02:00:00 fm,11.431,43.1
758,6/26/2013,02:30:00 fm,11.236,96.9
759,6/26/2013,03:00:00 fm,11.139,247.6
760,6/26/2013,03:30:00 fm,11.041,538.2
761,6/26/2013,04:00:00 fm,11.041,796.5
762,6/26/2013,04:30:00 fm,10.944,1227.10
763,6/26/2013,05:00:00 fm,10.944,1087.20
764,6/26/2013,05:30:00 fm,10.944,1722.20
765,6/26/2013,06:00:00 fm,10.944,2411.10
766,6/26/2013,06:30:00 fm,10.944,1722.20
767,6/26/2013,07:00:00 fm,10.944,2583.40
768,6/26/2013,07:30:00 fm,11.041,2669.50
769,6/26/2013,08:00:00 fm,11.139,4305.60
770,6/26/2013,08:30:00 fm,11.236,5166.70
771,6/26/2013,09:00:00 fm,11.528,8266.70
772,6/26/2013,09:30:00 fm,11.916,9644.50
773,6/26/2013,10:00:00 fm,12.11,7577.80
774,6/26/2013,10:30:00 fm,12.207,8266.70
775,6/26/2013,11:00:00 fm,12.304,6200.00
776,6/26/2013,11:30:00 fm,12.401,7233.40
777,6/26/2013,12:00:00 em,12.401,7233.40
778,6/26/2013,12:30:00 em,12.594,8266.70
779,6/26/2013,01:00:00 em,12.69,6200.00
780,6/26/2013,01:30:00 em,12.594,3961.10
781,6/26/2013,02:00:00 em,12.497,2583.40
782,6/26/2013,02:30:00 em,12.401,2669.50
783,6/26/2013,03:00:00 em,12.304,1722.20
784,6/26/2013,03:30:00 em,12.304,3616.70
785,6/26/2013,04:00:00 em,12.304,979.5
786,6/26/2013,04:30:00 em,12.207,2325.00
787,6/26/2013,05:00:00 em,12.207,1011.80
788,6/26/2013,05:30:00 em,12.11,1270.10
789,6/26/2013,06:00:00 em,12.013,958
790,6/26/2013,06:30:00 em,12.013,785.8
791,6/26/2013,07:00:00 em,11.916,807.3
792,6/26/2013,07:30:00 em,11.916,1151.70
793,6/26/2013,08:00:00 em,11.819,505.9
794,6/26/2013,08:30:00 em,11.819,452.1
795,6/26/2013,09:00:00 em,11.722,333.7
796,6/26/2013,09:30:00 em,11.722,86.1
797,6/26/2013,10:00:00 em,11.625,107.6
798,6/26/2013,10:30:00 em,11.528,53.8
799,6/26/2013,11:00:00 em,11.528,107.6
800,6/26/2013,11:30:00 em,11.431,0
801,6/27/2013,12:00:00 fm,11.334,0
802,6/27/2013,12:30:00 fm,11.334,0
803,6/27/2013,01:00:00 fm,11.236,0
804,6/27/2013,01:30:00 fm,11.236,0
805,6/27/2013,02:00:00 fm,11.139,0
806,6/27/2013,02:30:00 fm,11.139,0
807,6/27/2013,03:00:00 fm,11.041,43.1
808,6/27/2013,03:30:00 fm,10.944,96.9
809,6/27/2013,04:00:00 fm,10.846,139.9
810,6/27/2013,04:30:00 fm,10.846,1076.40
811,6/27/2013,05:00:00 fm,10.846,968.8
812,6/27/2013,05:30:00 fm,10.846,1377.80
813,6/27/2013,06:00:00 fm,10.846,1808.30
814,6/27/2013,06:30:00 fm,10.846,721.2
815,6/27/2013,07:00:00 fm,10.846,2152.80
816,6/27/2013,07:30:00 fm,10.944,581.3
817,6/27/2013,08:00:00 fm,10.846,1356.30
818,6/27/2013,08:30:00 fm,10.846,1345.50
819,6/27/2013,09:00:00 fm,10.944,2238.90
820,6/27/2013,09:30:00 fm,10.846,1065.60
821,6/27/2013,10:00:00 fm,10.846,2152.80
822,6/27/2013,10:30:00 fm,11.041,5166.70
823,6/27/2013,11:00:00 fm,11.139,2325.00
824,6/27/2013,11:30:00 fm,11.041,1980.60
825,6/27/2013,12:00:00 em,11.139,2152.80
826,6/27/2013,12:30:00 em,11.139,1324.00
827,6/27/2013,01:00:00 em,11.139,1377.80
828,6/27/2013,01:30:00 em,11.139,1980.60
829,6/27/2013,02:00:00 em,11.139,2927.80
830,6/27/2013,02:30:00 em,11.236,1345.50
831,6/27/2013,03:00:00 em,11.139,1280.90
832,6/27/2013,03:30:00 em,11.236,2583.40
833,6/27/2013,04:00:00 em,11.334,3444.50
834,6/27/2013,04:30:00 em,11.431,3444.50
835,6/27/2013,05:00:00 em,11.431,2152.80
836,6/27/2013,05:30:00 em,11.431,2238.90
837,6/27/2013,06:00:00 em,11.431,1636.10
838,6/27/2013,06:30:00 em,11.431,1054.90
839,6/27/2013,07:00:00 em,11.334,1044.10
840,6/27/2013,07:30:00 em,11.334,549
841,6/27/2013,08:00:00 em,11.334,355.2
842,6/27/2013,08:30:00 em,11.236,247.6
843,6/27/2013,09:00:00 em,11.139,150.7
844,6/27/2013,09:30:00 em,11.139,96.9
845,6/27/2013,10:00:00 em,11.041,75.3
846,6/27/2013,10:30:00 em,11.041,21.5
847,6/27/2013,11:00:00 em,10.944,0
848,6/27/2013,11:30:00 em,10.944,0
849,6/28/2013,12:00:00 fm,10.846,0
850,6/28/2013,12:30:00 fm,10.748,0
851,6/28/2013,01:00:00 fm,10.748,0
852,6/28/2013,01:30:00 fm,10.651,0
853,6/28/2013,02:00:00 fm,10.651,0
854,6/28/2013,02:30:00 fm,10.553,0
855,6/28/2013,03:00:00 fm,10.553,10.8
856,6/28/2013,03:30:00 fm,10.553,64.6
857,6/28/2013,04:00:00 fm,10.455,301.4
858,6/28/2013,04:30:00 fm,10.455,226
859,6/28/2013,05:00:00 fm,10.357,269.1
860,6/28/2013,05:30:00 fm,10.357,430.6
861,6/28/2013,06:00:00 fm,10.357,731.9
862,6/28/2013,06:30:00 fm,10.357,1377.80
863,6/28/2013,07:00:00 fm,10.455,1205.60
864,6/28/2013,07:30:00 fm,10.455,1722.20
865,6/28/2013,08:00:00 fm,10.553,1550.00
866,6/28/2013,08:30:00 fm,10.553,1291.70
867,6/28/2013,09:00:00 fm,10.553,2238.90
868,6/28/2013,09:30:00 fm,10.651,2152.80
869,6/28/2013,10:00:00 fm,10.748,1463.90
870,6/28/2013,10:30:00 fm,10.748,2325.00
871,6/28/2013,11:00:00 fm,10.846,1377.80
872,6/28/2013,11:30:00 fm,10.846,1463.90
873,6/28/2013,12:00:00 em,10.944,3100.00
874,6/28/2013,12:30:00 em,10.944,1356.30
875,6/28/2013,01:00:00 em,11.041,2066.70
876,6/28/2013,01:30:00 em,11.139,4133.40
877,6/28/2013,02:00:00 em,11.431,4477.80
878,6/28/2013,02:30:00 em,11.528,5166.70
879,6/28/2013,03:00:00 em,11.625,8266.70
880,6/28/2013,03:30:00 em,11.722,6200.00
881,6/28/2013,04:00:00 em,11.916,3961.10
882,6/28/2013,04:30:00 em,12.013,5166.70
883,6/28/2013,05:00:00 em,12.207,6544.50
884,6/28/2013,05:30:00 em,12.207,4477.80
885,6/28/2013,06:00:00 em,12.304,5166.70
886,6/28/2013,06:30:00 em,12.304,2325.00
887,6/28/2013,07:00:00 em,12.304,4477.80
888,6/28/2013,07:30:00 em,12.207,2497.20
889,6/28/2013,08:00:00 em,12.207,1722.20
890,6/28/2013,08:30:00 em,12.11,1237.90
891,6/28/2013,09:00:00 em,12.013,958
892,6/28/2013,09:30:00 em,11.916,667.4
893,6/28/2013,10:00:00 em,11.819,279.9
894,6/28/2013,10:30:00 em,11.625,236.8
895,6/28/2013,11:00:00 em,11.528,86.1
896,6/28/2013,11:30:00 em,11.334,43.1
897,6/29/2013,12:00:00 fm,11.236,10.8
898,6/29/2013,12:30:00 fm,11.139,0
899,6/29/2013,01:00:00 fm,11.041,0
900,6/29/2013,01:30:00 fm,10.944,0
901,6/29/2013,02:00:00 fm,10.846,21.5
902,6/29/2013,02:30:00 fm,10.846,10.8
903,6/29/2013,03:00:00 fm,10.748,53.8
904,6/29/2013,03:30:00 fm,10.651,193.8
905,6/29/2013,04:00:00 fm,10.553,279.9
906,6/29/2013,04:30:00 fm,10.455,559.7
907,6/29/2013,05:00:00 fm,10.455,731.9
908,6/29/2013,05:30:00 fm,10.455,1216.30
909,6/29/2013,06:00:00 fm,10.455,1463.90
910,6/29/2013,06:30:00 fm,10.455,2238.90
911,6/29/2013,07:00:00 fm,10.455,2755.60
912,6/29/2013,07:30:00 fm,10.553,2755.60
913,6/29/2013,08:00:00 fm,10.553,2755.60
914,6/29/2013,08:30:00 fm,10.553,1980.60
915,6/29/2013,09:00:00 fm,10.651,2497.20
916,6/29/2013,09:30:00 fm,10.748,4133.40
917,6/29/2013,10:00:00 fm,11.041,7577.80
918,6/29/2013,10:30:00 fm,11.236,6544.50
919,6/29/2013,11:00:00 fm,11.431,8611.20
920,6/29/2013,11:30:00 fm,11.528,6200.00
921,6/29/2013,12:00:00 em,11.819,9644.50
922,6/29/2013,12:30:00 em,11.916,6200.00
923,6/29/2013,01:00:00 em,11.819,2583.40
924,6/29/2013,01:30:00 em,11.916,6544.50
925,6/29/2013,02:00:00 em,12.013,4133.40
926,6/29/2013,02:30:00 em,12.11,5511.10
927,6/29/2013,03:00:00 em,12.11,4133.40
928,6/29/2013,03:30:00 em,12.207,7233.40
929,6/29/2013,04:00:00 em,12.401,6200.00
930,6/29/2013,04:30:00 em,12.401,5166.70
931,6/29/2013,05:00:00 em,12.207,1001.00
932,6/29/2013,05:30:00 em,12.013,1980.60
933,6/29/2013,06:00:00 em,12.11,1894.50
934,6/29/2013,06:30:00 em,12.013,839.6
935,6/29/2013,07:00:00 em,11.916,2152.80
936,6/29/2013,07:30:00 em,11.819,688.9
937,6/29/2013,08:00:00 em,11.819,1011.80
938,6/29/2013,08:30:00 em,11.722,505.9
939,6/29/2013,09:00:00 em,11.625,581.3
940,6/29/2013,09:30:00 em,11.528,150.7
941,6/29/2013,10:00:00 em,11.431,312.2
942,6/29/2013,10:30:00 em,11.334,43.1
943,6/29/2013,11:00:00 em,11.236,0
944,6/29/2013,11:30:00 em,11.236,0
945,6/30/2013,12:00:00 fm,11.139,0
946,6/30/2013,12:30:00 fm,11.041,0
947,6/30/2013,01:00:00 fm,11.041,0
948,6/30/2013,01:30:00 fm,10.944,0
949,6/30/2013,02:00:00 fm,10.846,0
950,6/30/2013,02:30:00 fm,10.846,0
951,6/30/2013,03:00:00 fm,10.748,0
952,6/30/2013,03:30:00 fm,10.748,53.8
953,6/30/2013,04:00:00 fm,10.651,172.2
954,6/30/2013,04:30:00 fm,10.651,193.8
955,6/30/2013,05:00:00 fm,10.553,172.2
956,6/30/2013,05:30:00 fm,10.553,279.9
957,6/30/2013,06:00:00 fm,10.553,236.8
958,6/30/2013,06:30:00 fm,10.553,1194.80
959,6/30/2013,07:00:00 fm,10.553,2238.90
960,6/30/2013,07:30:00 fm,10.651,3444.50
961,6/30/2013,08:00:00 fm,10.748,4650.00
962,6/30/2013,08:30:00 fm,10.846,3100.00
963,6/30/2013,09:00:00 fm,10.944,4305.60
964,6/30/2013,09:30:00 fm,11.139,4822.30
965,6/30/2013,10:00:00 fm,11.334,5166.70
966,6/30/2013,10:30:00 fm,11.334,4650.00
967,6/30/2013,11:00:00 fm,11.431,5166.70
968,6/30/2013,11:30:00 fm,11.528,4994.50
969,6/30/2013,12:00:00 em,11.625,5166.70
970,6/30/2013,12:30:00 em,11.722,9644.50
971,6/30/2013,01:00:00 em,12.497,14466.80
972,6/30/2013,01:30:00 em,12.787,10333.40
973,6/30/2013,02:00:00 em,12.883,4477.80
974,6/30/2013,02:30:00 em,12.594,4822.30
975,6/30/2013,03:00:00 em,12.98,5338.90
976,6/30/2013,03:30:00 em,12.98,8266.70
977,6/30/2013,04:00:00 em,13.173,9644.50
978,6/30/2013,04:30:00 em,13.365,7577.80
979,6/30/2013,05:00:00 em,13.269,3788.90
980,6/30/2013,05:30:00 em,13.365,4822.30
981,6/30/2013,06:00:00 em,13.365,5166.70
982,6/30/2013,06:30:00 em,13.461,5166.70
983,6/30/2013,07:00:00 em,13.558,4994.50
984,6/30/2013,07:30:00 em,13.365,3100.00
985,6/30/2013,08:00:00 em,13.269,2325.00
986,6/30/2013,08:30:00 em,13.173,1377.80
987,6/30/2013,09:00:00 em,13.076,462.9
988,6/30/2013,09:30:00 em,12.883,301.4
989,6/30/2013,10:00:00 em,12.787,290.6
990,6/30/2013,10:30:00 em,12.69,215.3
991,6/30/2013,11:00:00 em,12.594,107.6
992,6/30/2013,11:30:00 em,12.497,43.1
993,7/1/2013,12:00:00 fm,12.401,0
994,7/1/2013,12:30:00 fm,12.207,0
995,7/1/2013,01:00:00 fm,12.11,0
996,7/1/2013,01:30:00 fm,11.916,0
997,7/1/2013,02:00:00 fm,11.819,0
998,7/1/2013,02:30:00 fm,11.625,10.8
999,7/1/2013,03:00:00 fm,11.431,32.3
1000,7/1/2013,03:30:00 fm,11.334,75.3
1001,7/1/2013,04:00:00 fm,11.139,150.7
1002,7/1/2013,04:30:00 fm,11.041,430.6
1003,7/1/2013,05:00:00 fm,10.944,1044.10
1004,7/1/2013,05:30:00 fm,10.944,1377.80
1005,7/1/2013,06:00:00 fm,11.041,1550.00
1006,7/1/2013,06:30:00 fm,11.041,2066.70
1007,7/1/2013,07:00:00 fm,11.139,2497.20
1008,7/1/2013,07:30:00 fm,11.236,2755.60
1009,7/1/2013,08:00:00 fm,11.334,4822.30
1010,7/1/2013,08:30:00 fm,11.528,5166.70
1011,7/1/2013,09:00:00 fm,11.722,3788.90
1012,7/1/2013,09:30:00 fm,11.722,3961.10
1013,7/1/2013,10:00:00 fm,11.916,2669.50
1014,7/1/2013,10:30:00 fm,12.11,2927.80
1015,7/1/2013,11:00:00 fm,13.173,66133.80
1016,7/1/2013,11:30:00 fm,12.98,4994.50
1017,7/1/2013,12:00:00 em,13.461,9644.50
1018,7/1/2013,12:30:00 em,14.038,9300.10
1019,7/1/2013,01:00:00 em,14.134,16533.40
1020,7/1/2013,01:30:00 em,14.23,7577.80
1021,7/1/2013,02:00:00 em,14.23,2669.50
1022,7/1/2013,02:30:00 em,14.325,22044.60
1023,7/1/2013,03:00:00 em,14.23,2927.80
1024,7/1/2013,03:30:00 em,14.23,7233.40
1025,7/1/2013,04:00:00 em,14.23,1722.20
1026,7/1/2013,04:30:00 em,14.23,6200.00
1027,7/1/2013,05:00:00 em,14.517,7233.40
1028,7/1/2013,05:30:00 em,14.613,7233.40
1029,7/1/2013,06:00:00 em,14.613,5166.70
1030,7/1/2013,06:30:00 em,14.517,4133.40
1031,7/1/2013,07:00:00 em,14.517,4133.40
1032,7/1/2013,07:30:00 em,14.325,4133.40
1033,7/1/2013,08:00:00 em,14.325,2152.80
1034,7/1/2013,08:30:00 em,14.23,979.5
1035,7/1/2013,09:00:00 em,14.038,527.4
1036,7/1/2013,09:30:00 em,13.942,204.5
1037,7/1/2013,10:00:00 em,13.846,96.9
1038,7/1/2013,10:30:00 em,13.654,96.9
1039,7/1/2013,11:00:00 em,13.461,21.5
1040,7/1/2013,11:30:00 em,13.365,0
1041,7/2/2013,12:00:00 fm,13.269,0
1042,7/2/2013,12:30:00 fm,13.173,0
1043,7/2/2013,01:00:00 fm,13.076,0
1044,7/2/2013,01:30:00 fm,12.883,0
1045,7/2/2013,02:00:00 fm,12.787,0
1046,7/2/2013,02:30:00 fm,12.69,0
1047,7/2/2013,03:00:00 fm,12.594,0
1048,7/2/2013,03:30:00 fm,12.497,0
1049,7/2/2013,04:00:00 fm,12.401,0
1050,7/2/2013,04:30:00 fm,12.304,32.3
1051,7/2/2013,05:00:00 fm,12.207,107.6
1052,7/2/2013,05:30:00 fm,12.11,215.3
1053,7/2/2013,06:00:00 fm,12.013,204.5
1054,7/2/2013,06:30:00 fm,11.916,312.2
1055,7/2/2013,07:00:00 fm,11.916,538.2
1056,7/2/2013,07:30:00 fm,11.819,538.2
1057,7/2/2013,08:00:00 fm,11.722,441.3
1058,7/2/2013,08:30:00 fm,11.722,699.7
1059,7/2/2013,09:00:00 fm,11.625,990.3
1060,7/2/2013,09:30:00 fm,11.625,1011.80
1061,7/2/2013,10:00:00 fm,11.528,764.2
1062,7/2/2013,10:30:00 fm,11.528,753.5
1063,7/2/2013,11:00:00 fm,11.431,893.4
1064,7/2/2013,11:30:00 fm,11.334,1345.50
1065,7/2/2013,12:00:00 em,11.236,936.5
1066,7/2/2013,12:30:00 em,11.139,990.3
1067,7/2/2013,01:00:00 em,11.041,1463.90
1068,7/2/2013,01:30:00 em,10.944,1076.40
1069,7/2/2013,02:00:00 em,10.846,1108.70
1070,7/2/2013,02:30:00 em,10.651,1377.80
1071,7/2/2013,03:00:00 em,10.553,1463.90
1072,7/2/2013,03:30:00 em,10.651,1108.70
1073,7/2/2013,04:00:00 em,10.748,2669.50
1074,7/2/2013,04:30:00 em,10.846,2927.80
1075,7/2/2013,05:00:00 em,10.944,2755.60
1076,7/2/2013,05:30:00 em,11.041,1636.10
1077,7/2/2013,06:00:00 em,11.041,1270.10
1078,7/2/2013,06:30:00 em,10.944,1463.90
1079,7/2/2013,07:00:00 em,10.944,1808.30
1080,7/2/2013,07:30:00 em,10.944,635.1
1081,7/2/2013,08:00:00 em,10.846,914.9
1082,7/2/2013,08:30:00 em,10.846,656.6
1083,7/2/2013,09:00:00 em,10.846,376.7
1084,7/2/2013,09:30:00 em,10.748,32.3
1085,7/2/2013,10:00:00 em,10.748,75.3
1086,7/2/2013,10:30:00 em,10.651,32.3
1087,7/2/2013,11:00:00 em,10.651,0
1088,7/2/2013,11:30:00 em,10.651,0
1089,7/3/2013,12:00:00 fm,10.651,0
1090,7/3/2013,12:30:00 fm,10.553,0
1091,7/3/2013,01:00:00 fm,10.553,0
1092,7/3/2013,01:30:00 fm,10.455,0
1093,7/3/2013,02:00:00 fm,10.455,0
1094,7/3/2013,02:30:00 fm,10.455,0
1095,7/3/2013,03:00:00 fm,10.455,43.1
1096,7/3/2013,03:30:00 fm,10.455,96.9
1097,7/3/2013,04:00:00 fm,10.455,183
1098,7/3/2013,04:30:00 fm,10.455,473.6
1099,7/3/2013,05:00:00 fm,10.455,473.6
1100,7/3/2013,05:30:00 fm,10.455,731.9
1101,7/3/2013,06:00:00 fm,10.455,699.7
1102,7/3/2013,06:30:00 fm,10.455,1087.20
1103,7/3/2013,07:00:00 fm,10.553,807.3
1104,7/3/2013,07:30:00 fm,10.553,2583.40
1105,7/3/2013,08:00:00 fm,10.651,3444.50
1106,7/3/2013,08:30:00 fm,10.846,4822.30
1107,7/3/2013,09:00:00 fm,10.944,4477.80
1108,7/3/2013,09:30:00 fm,11.041,2927.80
1109,7/3/2013,10:00:00 fm,11.041,4133.40
1110,7/3/2013,10:30:00 fm,11.041,1270.10
1111,7/3/2013,11:00:00 fm,10.944,1636.10
1112,7/3/2013,11:30:00 fm,11.041,3272.20
1113,7/3/2013,12:00:00 em,11.139,2927.80
1114,7/3/2013,12:30:00 em,11.334,7233.40
1115,7/3/2013,01:00:00 em,11.236,419.8
1116,7/3/2013,01:30:00 em,11.139,2325.00
1117,7/3/2013,02:00:00 em,11.236,4305.60
1118,7/3/2013,02:30:00 em,11.334,5511.10
1119,7/3/2013,03:00:00 em,11.334,1463.90
1120,7/3/2013,03:30:00 em,11.334,2927.80
1121,7/3/2013,04:00:00 em,11.334,3100.00
1122,7/3/2013,04:30:00 em,11.431,3272.20
1123,7/3/2013,05:00:00 em,11.431,2325.00
1124,7/3/2013,05:30:00 em,11.334,742.7
1125,7/3/2013,06:00:00 em,11.236,570.5
1126,7/3/2013,06:30:00 em,11.236,1980.60
1127,7/3/2013,07:00:00 em,11.334,5166.70
1128,7/3/2013,07:30:00 em,11.139,958
1129,7/3/2013,08:00:00 em,11.041,1377.80
1130,7/3/2013,08:30:00 em,10.944,947.2
1131,7/3/2013,09:00:00 em,10.846,678.1
1132,7/3/2013,09:30:00 em,10.846,462.9
1133,7/3/2013,10:00:00 em,10.748,193.8
1134,7/3/2013,10:30:00 em,10.651,64.6
1135,7/3/2013,11:00:00 em,10.553,32.3
1136,7/3/2013,11:30:00 em,10.455,21.5
1137,7/4/2013,12:00:00 fm,10.357,0
1138,7/4/2013,12:30:00 fm,10.259,0
1139,7/4/2013,01:00:00 fm,10.259,0
1140,7/4/2013,01:30:00 fm,10.161,0
1141,7/4/2013,02:00:00 fm,10.063,0
1142,7/4/2013,02:30:00 fm,9.965,32.3
1143,7/4/2013,03:00:00 fm,9.965,86.1
1144,7/4/2013,03:30:00 fm,9.965,258.3
1145,7/4/2013,04:00:00 fm,9.965,527.4
1146,7/4/2013,04:30:00 fm,9.965,861.1
1147,7/4/2013,05:00:00 fm,9.965,398.3
1148,7/4/2013,05:30:00 fm,9.965,1259.40
1149,7/4/2013,06:00:00 fm,9.965,1377.80
1150,7/4/2013,06:30:00 fm,10.063,1636.10
1151,7/4/2013,07:00:00 fm,10.161,1980.60
1152,7/4/2013,07:30:00 fm,10.161,2497.20
1153,7/4/2013,08:00:00 fm,10.259,2066.70
1154,7/4/2013,08:30:00 fm,10.259,2411.10
1155,7/4/2013,09:00:00 fm,10.357,1980.60
1156,7/4/2013,09:30:00 fm,10.455,2238.90
1157,7/4/2013,10:00:00 fm,10.455,3444.50
1158,7/4/2013,10:30:00 fm,10.651,3444.50
1159,7/4/2013,11:00:00 fm,10.651,2755.60
1160,7/4/2013,11:30:00 fm,10.651,398.3
1161,7/4/2013,12:00:00 em,10.553,807.3
1162,7/4/2013,12:30:00 em,10.651,2066.70
1163,7/4/2013,01:00:00 em,10.651,1550.00
1164,7/4/2013,01:30:00 em,10.651,2325.00
1165,7/4/2013,02:00:00 em,10.748,1808.30
1166,7/4/2013,02:30:00 em,10.846,3444.50
1167,7/4/2013,03:00:00 em,10.846,1377.80
1168,7/4/2013,03:30:00 em,10.846,1216.30
1169,7/4/2013,04:00:00 em,10.846,2927.80
1170,7/4/2013,04:30:00 em,10.944,2927.80
1171,7/4/2013,05:00:00 em,11.041,4650.00
1172,7/4/2013,05:30:00 em,11.041,5166.70
1173,7/4/2013,06:00:00 em,11.041,2238.90
1174,7/4/2013,06:30:00 em,11.139,1894.50
1175,7/4/2013,07:00:00 em,11.041,893.4
1176,7/4/2013,07:30:00 em,11.041,818.1
1177,7/4/2013,08:00:00 em,11.041,861.1
1178,7/4/2013,08:30:00 em,11.041,398.3
1179,7/4/2013,09:00:00 em,10.944,462.9
1180,7/4/2013,09:30:00 em,10.944,118.4
1181,7/4/2013,10:00:00 em,10.846,64.6
1182,7/4/2013,10:30:00 em,10.846,86.1
1183,7/4/2013,11:00:00 em,10.748,32.3
1184,7/4/2013,11:30:00 em,10.651,0
1185,7/5/2013,12:00:00 fm,10.651,0
1186,7/5/2013,12:30:00 fm,10.553,0
1187,7/5/2013,01:00:00 fm,10.553,0
1188,7/5/2013,01:30:00 fm,10.455,0
1189,7/5/2013,02:00:00 fm,10.357,0
1190,7/5/2013,02:30:00 fm,10.357,21.5
1191,7/5/2013,03:00:00 fm,10.259,53.8
1192,7/5/2013,03:30:00 fm,10.259,150.7
1193,7/5/2013,04:00:00 fm,10.259,322.9
1194,7/5/2013,04:30:00 fm,10.259,290.6
1195,7/5/2013,05:00:00 fm,10.259,538.2
1196,7/5/2013,05:30:00 fm,10.259,236.8
1197,7/5/2013,06:00:00 fm,10.357,1291.70
1198,7/5/2013,06:30:00 fm,10.357,1980.60
1199,7/5/2013,07:00:00 fm,10.455,2497.20
1200,7/5/2013,07:30:00 fm,10.553,1722.20
1201,7/5/2013,08:00:00 fm,10.553,2238.90
1202,7/5/2013,08:30:00 fm,10.553,968.8
1203,7/5/2013,09:00:00 fm,10.651,1463.90
1204,7/5/2013,09:30:00 fm,10.651,1722.20
1205,7/5/2013,10:00:00 fm,10.846,3272.20
1206,7/5/2013,10:30:00 fm,10.944,3788.90
1207,7/5/2013,11:00:00 fm,10.944,2066.70
1208,7/5/2013,11:30:00 fm,11.236,4650.00
1209,7/5/2013,12:00:00 em,11.334,4994.50
1210,7/5/2013,12:30:00 em,11.528,7577.80
1211,7/5/2013,01:00:00 em,11.819,4822.30
1212,7/5/2013,01:30:00 em,12.304,9300.10
1213,7/5/2013,02:00:00 em,12.304,3100.00
1214,7/5/2013,02:30:00 em,12.401,5338.90
1215,7/5/2013,03:00:00 em,12.594,5166.70
1216,7/5/2013,03:30:00 em,12.594,5338.90
1217,7/5/2013,04:00:00 em,12.594,2497.20
1218,7/5/2013,04:30:00 em,12.69,4477.80
1219,7/5/2013,05:00:00 em,12.497,1894.50
1220,7/5/2013,05:30:00 em,12.497,1291.70
1221,7/5/2013,06:00:00 em,12.401,2583.40
1222,7/5/2013,06:30:00 em,12.304,1377.80
1223,7/5/2013,07:00:00 em,12.207,1377.80
1224,7/5/2013,07:30:00 em,12.11,1377.80
1225,7/5/2013,08:00:00 em,12.013,742.7
1226,7/5/2013,08:30:00 em,11.819,828.8
1227,7/5/2013,09:00:00 em,11.722,290.6
1228,7/5/2013,09:30:00 em,11.625,183
1229,7/5/2013,10:00:00 em,11.431,43.1
1230,7/5/2013,10:30:00 em,11.334,43.1
1231,7/5/2013,11:00:00 em,11.236,0
1232,7/5/2013,11:30:00 em,11.139,0
1233,7/6/2013,12:00:00 fm,10.944,0
1234,7/6/2013,12:30:00 fm,10.846,0
1235,7/6/2013,01:00:00 fm,10.748,0
1236,7/6/2013,01:30:00 fm,10.651,0
1237,7/6/2013,02:00:00 fm,10.553,0
1238,7/6/2013,02:30:00 fm,10.455,21.5
1239,7/6/2013,03:00:00 fm,10.357,64.6
1240,7/6/2013,03:30:00 fm,10.259,204.5
1241,7/6/2013,04:00:00 fm,10.161,183
1242,7/6/2013,04:30:00 fm,10.063,602.8
1243,7/6/2013,05:00:00 fm,9.965,775
1244,7/6/2013,05:30:00 fm,9.866,990.3
1245,7/6/2013,06:00:00 fm,9.866,1216.30
1246,7/6/2013,06:30:00 fm,9.768,1463.90
1247,7/6/2013,07:00:00 fm,9.768,1722.20
1248,7/6/2013,07:30:00 fm,9.866,2238.90
1249,7/6/2013,08:00:00 fm,9.965,2927.80
1250,7/6/2013,08:30:00 fm,9.965,1141.00
1251,7/6/2013,09:00:00 fm,10.259,12400.10
1252,7/6/2013,09:30:00 fm,10.259,4822.30
1253,7/6/2013,10:00:00 fm,10.455,7233.40
1254,7/6/2013,10:30:00 fm,10.651,5511.10
1255,7/6/2013,11:00:00 fm,11.334,3616.70
1256,7/6/2013,11:30:00 fm,11.139,7233.40
1257,7/6/2013,12:00:00 em,11.431,6544.50
1258,7/6/2013,12:30:00 em,11.722,5511.10
1259,7/6/2013,01:00:00 em,11.819,4650.00
1260,7/6/2013,01:30:00 em,11.916,5166.70
1261,7/6/2013,02:00:00 em,12.013,5511.10
1262,7/6/2013,02:30:00 em,12.304,19289.00
1263,7/6/2013,03:00:00 em,12.304,5338.90
1264,7/6/2013,03:30:00 em,12.401,6200.00
1265,7/6/2013,04:00:00 em,12.497,7233.40
1266,7/6/2013,04:30:00 em,12.497,5166.70
1267,7/6/2013,05:00:00 em,12.497,4477.80
1268,7/6/2013,05:30:00 em,12.497,3616.70
1269,7/6/2013,06:00:00 em,12.497,3444.50
1270,7/6/2013,06:30:00 em,12.497,3788.90
1271,7/6/2013,07:00:00 em,12.497,5511.10
1272,7/6/2013,07:30:00 em,12.304,2497.20
1273,7/6/2013,08:00:00 em,12.207,1722.20
1274,7/6/2013,08:30:00 em,12.11,1151.70
1275,7/6/2013,09:00:00 em,12.013,850.4
1276,7/6/2013,09:30:00 em,11.819,570.5
1277,7/6/2013,10:00:00 em,11.722,312.2
1278,7/6/2013,10:30:00 em,11.528,118.4
1279,7/6/2013,11:00:00 em,11.334,43.1
1280,7/6/2013,11:30:00 em,11.139,0
1281,7/7/2013,12:00:00 fm,10.944,0
1282,7/7/2013,12:30:00 fm,10.748,0
1283,7/7/2013,01:00:00 fm,10.553,0
1284,7/7/2013,01:30:00 fm,10.357,0
1285,7/7/2013,02:00:00 fm,10.161,0
1286,7/7/2013,02:30:00 fm,10.063,21.5
1287,7/7/2013,03:00:00 fm,9.866,75.3
1288,7/7/2013,03:30:00 fm,9.768,193.8
1289,7/7/2013,04:00:00 fm,9.669,376.7
1290,7/7/2013,04:30:00 fm,9.571,613.5
1291,7/7/2013,05:00:00 fm,9.669,839.6
1292,7/7/2013,05:30:00 fm,9.669,1076.40
1293,7/7/2013,06:00:00 fm,9.768,1356.30
1294,7/7/2013,06:30:00 fm,9.768,1722.20
1295,7/7/2013,07:00:00 fm,9.866,2066.70
1296,7/7/2013,07:30:00 fm,9.965,2497.20
1297,7/7/2013,08:00:00 fm,10.161,2927.80
1298,7/7/2013,08:30:00 fm,10.259,3788.90
1299,7/7/2013,09:00:00 fm,10.651,8611.20
1300,7/7/2013,09:30:00 fm,10.748,4822.30
1301,7/7/2013,10:00:00 fm,10.944,4305.60
1302,7/7/2013,10:30:00 fm,11.236,4650.00
1303,7/7/2013,11:00:00 fm,12.304,16533.40
1304,7/7/2013,11:30:00 fm,12.11,5166.70
1305,7/7/2013,12:00:00 em,12.401,5511.10
1306,7/7/2013,12:30:00 em,12.497,6200.00
1307,7/7/2013,01:00:00 em,12.69,9300.10
1308,7/7/2013,01:30:00 em,12.883,4305.60
1309,7/7/2013,02:00:00 em,12.883,2583.40
1310,7/7/2013,02:30:00 em,12.98,4822.30
1311,7/7/2013,03:00:00 em,13.076,4477.80
1312,7/7/2013,03:30:00 em,13.365,4994.50
1313,7/7/2013,04:00:00 em,13.558,5511.10
1314,7/7/2013,04:30:00 em,13.558,5511.10
1315,7/7/2013,05:00:00 em,13.558,5511.10
1316,7/7/2013,05:30:00 em,13.461,3961.10
1317,7/7/2013,06:00:00 em,13.461,3100.00
1318,7/7/2013,06:30:00 em,13.365,3961.10
1319,7/7/2013,07:00:00 em,13.269,2927.80
1320,7/7/2013,07:30:00 em,13.173,3616.70
1321,7/7/2013,08:00:00 em,12.98,1119.50
1322,7/7/2013,08:30:00 em,12.883,430.6
1323,7/7/2013,09:00:00 em,12.594,226
1324,7/7/2013,09:30:00 em,12.401,807.3
1325,7/7/2013,10:00:00 em,12.207,559.7
1326,7/7/2013,10:30:00 em,12.11,215.3
1327,7/7/2013,11:00:00 em,11.819,75.3
1328,7/7/2013,11:30:00 em,11.625,21.5
1329,7/8/2013,12:00:00 fm,11.334,0
1330,7/8/2013,12:30:00 fm,11.139,0
1331,7/8/2013,01:00:00 fm,10.944,0
1332,7/8/2013,01:30:00 fm,10.748,0
1333,7/8/2013,02:00:00 fm,10.651,0
1334,7/8/2013,02:30:00 fm,10.455,32.3
1335,7/8/2013,03:00:00 fm,10.357,86.1
1336,7/8/2013,03:30:00 fm,10.161,247.6
1337,7/8/2013,04:00:00 fm,10.063,183
1338,7/8/2013,04:30:00 fm,9.965,645.8
1339,7/8/2013,05:00:00 fm,9.965,882.6
1340,7/8/2013,05:30:00 fm,9.866,1087.20
1341,7/8/2013,06:00:00 fm,9.768,1313.20
1342,7/8/2013,06:30:00 fm,9.768,1636.10
1343,7/8/2013,07:00:00 fm,9.768,731.9
1344,7/8/2013,07:30:00 fm,9.768,3788.90
1345,7/8/2013,08:00:00 fm,9.866,3444.50
1346,7/8/2013,08:30:00 fm,9.965,5166.70
1347,7/8/2013,09:00:00 fm,10.161,10333.40
1348,7/8/2013,09:30:00 fm,10.259,5511.10
1349,7/8/2013,10:00:00 fm,10.259,6544.50
1350,7/8/2013,10:30:00 fm,10.553,9300.10
1351,7/8/2013,11:00:00 fm,10.846,7577.80
1352,7/8/2013,11:30:00 fm,10.944,5511.10
1353,7/8/2013,12:00:00 em,10.944,6200.00
1354,7/8/2013,12:30:00 em,11.041,7577.80
1355,7/8/2013,01:00:00 em,11.236,7233.40
1356,7/8/2013,01:30:00 em,11.431,8611.20
1357,7/8/2013,02:00:00 em,11.528,10333.40
1358,7/8/2013,02:30:00 em,11.528,6200.00
1359,7/8/2013,03:00:00 em,11.528,6200.00
1360,7/8/2013,03:30:00 em,11.625,6544.50
1361,7/8/2013,04:00:00 em,11.625,5511.10
1362,7/8/2013,04:30:00 em,11.625,5338.90
1363,7/8/2013,05:00:00 em,11.722,6544.50
1364,7/8/2013,05:30:00 em,11.625,2583.40
1365,7/8/2013,06:00:00 em,11.528,3961.10
1366,7/8/2013,06:30:00 em,11.528,4650.00
1367,7/8/2013,07:00:00 em,11.431,2497.20
1368,7/8/2013,07:30:00 em,11.334,2583.40
1369,7/8/2013,08:00:00 em,11.236,1894.50
1370,7/8/2013,08:30:00 em,11.139,1356.30
1371,7/8/2013,09:00:00 em,11.041,904.2
1372,7/8/2013,09:30:00 em,10.944,505.9
1373,7/8/2013,10:00:00 em,10.748,258.3
1374,7/8/2013,10:30:00 em,10.651,118.4
1375,7/8/2013,11:00:00 em,10.553,10.8
1376,7/8/2013,11:30:00 em,10.455,0
1377,7/9/2013,12:00:00 fm,10.357,0
1378,7/9/2013,12:30:00 fm,10.259,0
1379,7/9/2013,01:00:00 fm,10.161,0
1380,7/9/2013,01:30:00 fm,10.063,0
1381,7/9/2013,02:00:00 fm,9.965,0
1382,7/9/2013,02:30:00 fm,9.965,0
1383,7/9/2013,03:00:00 fm,9.866,0
1384,7/9/2013,03:30:00 fm,9.866,75.3
1385,7/9/2013,04:00:00 fm,9.768,139.9
1386,7/9/2013,04:30:00 fm,9.768,473.6
1387,7/9/2013,05:00:00 fm,9.669,452.1
1388,7/9/2013,05:30:00 fm,9.669,871.9
1389,7/9/2013,06:00:00 fm,9.669,1205.60
1390,7/9/2013,06:30:00 fm,9.669,1550.00
1391,7/9/2013,07:00:00 fm,9.768,3100.00
1392,7/9/2013,07:30:00 fm,9.965,2927.80
1393,7/9/2013,08:00:00 fm,9.866,1130.20
1394,7/9/2013,08:30:00 fm,9.866,1248.60
1395,7/9/2013,09:00:00 fm,9.866,2152.80
1396,7/9/2013,09:30:00 fm,9.965,4477.80
1397,7/9/2013,10:00:00 fm,10.161,3616.70
1398,7/9/2013,10:30:00 fm,10.357,6544.50
1399,7/9/2013,11:00:00 fm,10.748,4822.30
1400,7/9/2013,11:30:00 fm,10.748,5166.70
1401,7/9/2013,12:00:00 em,11.041,4650.00
1402,7/9/2013,12:30:00 em,10.944,4650.00
1403,7/9/2013,01:00:00 em,11.041,4477.80
1404,7/9/2013,01:30:00 em,11.041,2497.20
1405,7/9/2013,02:00:00 em,11.139,5166.70
1406,7/9/2013,02:30:00 em,11.431,4477.80
1407,7/9/2013,03:00:00 em,11.431,6200.00
1408,7/9/2013,03:30:00 em,11.625,6200.00
1409,7/9/2013,04:00:00 em,11.625,2238.90
1410,7/9/2013,04:30:00 em,11.528,3100.00
1411,7/9/2013,05:00:00 em,11.625,2497.20
1412,7/9/2013,05:30:00 em,11.625,1980.60
1413,7/9/2013,06:00:00 em,11.625,1377.80
1414,7/9/2013,06:30:00 em,11.528,764.2
1415,7/9/2013,07:00:00 em,11.528,1194.80
1416,7/9/2013,07:30:00 em,11.528,731.9
1417,7/9/2013,08:00:00 em,11.431,398.3
1418,7/9/2013,08:30:00 em,11.334,129.2
1419,7/9/2013,09:00:00 em,11.334,107.6
1420,7/9/2013,09:30:00 em,11.236,53.8
1421,7/9/2013,10:00:00 em,11.236,258.3
1422,7/9/2013,10:30:00 em,11.139,452.1
1423,7/9/2013,11:00:00 em,11.041,21.5
1424,7/9/2013,11:30:00 em,10.846,0
1425,7/10/2013,12:00:00 fm,10.748,0
1426,7/10/2013,12:30:00 fm,10.553,0
1427,7/10/2013,01:00:00 fm,10.455,0
1428,7/10/2013,01:30:00 fm,10.357,0
1429,7/10/2013,02:00:00 fm,10.161,0
1430,7/10/2013,02:30:00 fm,10.063,10.8
1431,7/10/2013,03:00:00 fm,9.965,53.8
1432,7/10/2013,03:30:00 fm,9.866,139.9
1433,7/10/2013,04:00:00 fm,9.768,322.9
1434,7/10/2013,04:30:00 fm,9.669,344.4
1435,7/10/2013,05:00:00 fm,9.571,333.7
1436,7/10/2013,05:30:00 fm,9.571,861.1
1437,7/10/2013,06:00:00 fm,9.571,592
1438,7/10/2013,06:30:00 fm,9.571,2411.10
1439,7/10/2013,07:00:00 fm,9.768,3272.20
1440,7/10/2013,07:30:00 fm,9.866,4477.80
1441,7/10/2013,08:00:00 fm,9.965,4133.40
1442,7/10/2013,08:30:00 fm,9.965,3272.20
1443,7/10/2013,09:00:00 fm,10.063,3616.70
1444,7/10/2013,09:30:00 fm,10.063,2927.80
1445,7/10/2013,10:00:00 fm,10.161,3444.50
1446,7/10/2013,10:30:00 fm,10.161,4133.40
1447,7/10/2013,11:00:00 fm,10.259,2583.40
1448,7/10/2013,11:30:00 fm,15.378,0
1449,7/10/2013,12:00:00 em,16.808,0
1450,7/10/2013,12:30:00 em,17.76,0
1451,7/10/2013,01:00:00 em,18.806,0
1452,7/10/2013,01:30:00 em,19.948,64.6
1453,7/10/2013,02:00:00 em,19.662,0
1454,7/10/2013,02:30:00 em,19.567,0
1455,7/10/2013,03:00:00 em,20.329,0
1456,7/10/2013,03:30:00 em,21.091,193.8
1457,7/10/2013,04:00:00 em,20.519,0
1458,7/10/2013,04:30:00 em,20.805,0
1459,7/10/2013,05:00:00 em,20.901,0
1460,7/10/2013,05:30:00 em,20.519,0
1461,7/10/2013,06:00:00 em,20.138,0
1462,7/10/2013,06:30:00 em,20.043,96.9
1463,7/10/2013,07:00:00 em,19.187,236.8
1464,7/10/2013,07:30:00 em,19.567,118.4
1465,7/10/2013,08:00:00 em,19.472,118.4
1466,7/10/2013,08:30:00 em,19.662,118.4
1467,7/10/2013,09:00:00 em,19.758,139.9
1468,7/10/2013,09:30:00 em,19.853,86.1
1469,7/10/2013,10:00:00 em,19.662,21.5
1470,7/10/2013,10:30:00 em,19.567,0
1471,7/10/2013,11:00:00 em,19.567,0
1472,7/10/2013,11:30:00 em,19.472,0
